{
  "hash": "84c4ae88",
  "configHash": "188a2695",
  "lockfileHash": "7c6cb4a4",
  "browserHash": "d5943ebd",
  "optimized": {
    "@angular/cdk/bidi": {
      "src": "../../../../../../node_modules/@angular/cdk/fesm2022/bidi.mjs",
      "file": "@angular_cdk_bidi.js",
      "fileHash": "bb45b882",
      "needsInterop": false
    },
    "@angular/cdk/text-field": {
      "src": "../../../../../../node_modules/@angular/cdk/fesm2022/text-field.mjs",
      "file": "@angular_cdk_text-field.js",
      "fileHash": "b5eac5a0",
      "needsInterop": false
    },
    "@angular/common": {
      "src": "../../../../../../node_modules/@angular/common/fesm2022/common.mjs",
      "file": "@angular_common.js",
      "fileHash": "cfc4d2bc",
      "needsInterop": false
    },
    "@angular/common/http": {
      "src": "../../../../../../node_modules/@angular/common/fesm2022/http.mjs",
      "file": "@angular_common_http.js",
      "fileHash": "8d4b79ce",
      "needsInterop": false
    },
    "@angular/core": {
      "src": "../../../../../../node_modules/@angular/core/fesm2022/core.mjs",
      "file": "@angular_core.js",
      "fileHash": "05b5d37e",
      "needsInterop": false
    },
    "@angular/forms": {
      "src": "../../../../../../node_modules/@angular/forms/fesm2022/forms.mjs",
      "file": "@angular_forms.js",
      "fileHash": "f3c6f72f",
      "needsInterop": false
    },
    "@angular/material/button": {
      "src": "../../../../../../node_modules/@angular/material/fesm2022/button.mjs",
      "file": "@angular_material_button.js",
      "fileHash": "4cd827c1",
      "needsInterop": false
    },
    "@angular/material/chips": {
      "src": "../../../../../../node_modules/@angular/material/fesm2022/chips.mjs",
      "file": "@angular_material_chips.js",
      "fileHash": "5a62a842",
      "needsInterop": false
    },
    "@angular/material/form-field": {
      "src": "../../../../../../node_modules/@angular/material/fesm2022/form-field.mjs",
      "file": "@angular_material_form-field.js",
      "fileHash": "79f97e37",
      "needsInterop": false
    },
    "@angular/material/input": {
      "src": "../../../../../../node_modules/@angular/material/fesm2022/input.mjs",
      "file": "@angular_material_input.js",
      "fileHash": "d7ee79a1",
      "needsInterop": false
    },
    "@angular/material/snack-bar": {
      "src": "../../../../../../node_modules/@angular/material/fesm2022/snack-bar.mjs",
      "file": "@angular_material_snack-bar.js",
      "fileHash": "332da297",
      "needsInterop": false
    },
    "@angular/platform-browser": {
      "src": "../../../../../../node_modules/@angular/platform-browser/fesm2022/platform-browser.mjs",
      "file": "@angular_platform-browser.js",
      "fileHash": "6b1a9d40",
      "needsInterop": false
    },
    "@angular/platform-browser/animations": {
      "src": "../../../../../../node_modules/@angular/platform-browser/fesm2022/animations.mjs",
      "file": "@angular_platform-browser_animations.js",
      "fileHash": "c827a804",
      "needsInterop": false
    },
    "@angular/router": {
      "src": "../../../../../../node_modules/@angular/router/fesm2022/router.mjs",
      "file": "@angular_router.js",
      "fileHash": "29e237a6",
      "needsInterop": false
    },
    "chart.js": {
      "src": "../../../../../../node_modules/chart.js/dist/chart.js",
      "file": "chart__js.js",
      "fileHash": "705b6383",
      "needsInterop": false
    },
    "rxjs": {
      "src": "../../../../../../node_modules/rxjs/dist/esm5/index.js",
      "file": "rxjs.js",
      "fileHash": "d8452037",
      "needsInterop": false
    },
    "rxjs/operators": {
      "src": "../../../../../../node_modules/rxjs/dist/esm5/operators/index.js",
      "file": "rxjs_operators.js",
      "fileHash": "9eddfb9b",
      "needsInterop": false
    },
    "zone.js": {
      "src": "../../../../../../node_modules/zone.js/fesm2015/zone.js",
      "file": "zone__js.js",
      "fileHash": "61c074ea",
      "needsInterop": true
    }
  },
  "chunks": {
    "chunk-JRLSDLOM": {
      "file": "chunk-JRLSDLOM.js"
    },
    "chunk-34G6ZIPT": {
      "file": "chunk-34G6ZIPT.js"
    },
    "chunk-3IWYCNP2": {
      "file": "chunk-3IWYCNP2.js"
    },
    "chunk-35HSAEJV": {
      "file": "chunk-35HSAEJV.js"
    },
    "chunk-DNLVJ4KL": {
      "file": "chunk-DNLVJ4KL.js"
    },
    "chunk-J7VCPVGY": {
      "file": "chunk-J7VCPVGY.js"
    },
    "chunk-VWXRHX6F": {
      "file": "chunk-VWXRHX6F.js"
    },
    "chunk-BRGVXSCV": {
      "file": "chunk-BRGVXSCV.js"
    },
    "chunk-XUKWRO6K": {
      "file": "chunk-XUKWRO6K.js"
    },
    "chunk-LEAHLM6I": {
      "file": "chunk-LEAHLM6I.js"
    },
    "chunk-WKJSYQ4X": {
      "file": "chunk-WKJSYQ4X.js"
    },
    "chunk-GPXRNQ2M": {
      "file": "chunk-GPXRNQ2M.js"
    },
    "chunk-TF3W3NHY": {
      "file": "chunk-TF3W3NHY.js"
    },
    "chunk-YG47VFKR": {
      "file": "chunk-YG47VFKR.js"
    },
    "chunk-4X6VR2I6": {
      "file": "chunk-4X6VR2I6.js"
    },
    "chunk-YO6GPXUM": {
      "file": "chunk-YO6GPXUM.js"
    },
    "chunk-JRFR6BLO": {
      "file": "chunk-JRFR6BLO.js"
    },
    "chunk-HWYXSU2G": {
      "file": "chunk-HWYXSU2G.js"
    },
    "chunk-MARUHEWW": {
      "file": "chunk-MARUHEWW.js"
    },
    "chunk-WDMUDEB6": {
      "file": "chunk-WDMUDEB6.js"
    }
  }
}